ID ,NAME,SALARY,GENDER,CITY
6,AJMAN 6,780000,M,ISB
7,AJMAN 7,780001,M,ISB
8,AJMAN 8,780002,M,ISB
9,AJMAN 9,780003,M,ISB
10,AJMAN 10,780004,M,ISB
11,AJMAN 11,780005,M,ISB
12,AJMAN 12,780006,M,ISB
13,AJMAN 13,780007,M,ISB
14,AJMAN 14,780008,M,ISB
15,AJMAN 15,780009,M,ISB
16,AJMAN 16,780010,M,ISB
17,AJMAN 17,780011,M,ISB
18,AJMAN 18,780012,M,ISB
19,AJMAN 19,780013,M,ISB
20,AJMAN 20,780014,M,ISB
21,AJMAN 21,780015,M,ISB
22,AJMAN 22,780016,M,ISB
23,AJMAN 23,780017,M,ISB
24,AJMAN 24,780018,M,ISB
25,AJMAN 25,780019,M,ISB
26,AJMAN 26,780020,M,ISB
27,AJMAN 27,780021,M,ISB
28,AJMAN 28,780022,M,ISB
29,AJMAN 29,780023,M,ISB
